run_date,product,source_scope,outlet,title,url,main_topic,briefing_relevance,quality,noise_type,reason
2026-06-13,nacional,nac-biz,Ciper,Adultos Mayores con demencia y justicia: una brecha que Chile debe cerrar,https://www.ciperchile.cl/2026/06/13/adultos-mayores-con-demencia-y-justicia-una-brecha-que-chile-debe-cerrar,salud,medium,good,none,informative_or_unknown_but_not_filler
2026-06-13,nacional,nac-biz,Ciper,Justicia sexual: una tarea urgente en tiempos de retroceso,https://www.ciperchile.cl/2026/06/13/justicia-sexual-una-tarea-urgente-en-tiempos-de-retroceso,educacion,medium,good,none,informative_or_unknown_but_not_filler
2026-06-13,nacional,nac-biz,Ciper,Los 90 días de Kast,https://www.ciperchile.cl/2026/06/12/los-90-dias-de-kast,politica_pais_cronica,medium,good,none,informative_or_unknown_but_not_filler
2026-06-13,nacional,nac-biz,El Mostrador,AquÃ­ Regiones,https://www.elmostrador.cl/aqui-regiones,politica_pais_cronica,medium,good,none,informative_or_unknown_but_not_filler
2026-06-13,nacional,nac-biz,El Mostrador,AquÃ­ Arica,https://www.elmostrador.cl/aqui-arica,politica_pais_cronica,medium,good,none,informative_or_unknown_but_not_filler
2026-06-13,nacional,nac-biz,El Mostrador,AquÃ­ BiobÃ­o,https://www.elmostrador.cl/aqui-biobio,politica_pais_cronica,medium,good,none,informative_or_unknown_but_not_filler
2026-06-13,nacional,nac-biz,El Mostrador,AquÃ­ Coquimbo,https://www.elmostrador.cl/aqui-coquimbo,politica_pais_cronica,medium,good,none,informative_or_unknown_but_not_filler
2026-06-13,nacional,nac-biz,El Mostrador,AquÃ­ Los RÃ­os,https://www.elmostrador.cl/aqui-los-rios,politica_pais_cronica,medium,good,none,informative_or_unknown_but_not_filler
2026-06-13,nacional,nac-biz,El Mostrador,AquÃ­ Magallanes,https://www.elmostrador.cl/aqui-magallanes,internacional,medium,good,none,informative_or_unknown_but_not_filler
2026-06-13,nacional,nac-biz,El Mostrador,AquÃ­ ValparaÃ­so,https://www.elmostrador.cl/aqui-valparaiso,politica_pais_cronica,medium,good,none,informative_or_unknown_but_not_filler
2026-06-13,nacional,nac-biz,El Mostrador,Contando Chile,https://www.elmostrador.cl/contando-chile,internacional,medium,good,none,informative_or_unknown_but_not_filler
2026-06-13,nacional,nac-biz,El Mostrador,Al Pan Pan,https://www.elmostrador.cl/noticias/multimedia/al-pan-pan,politica_pais_cronica,medium,good,none,informative_or_unknown_but_not_filler
2026-06-13,nacional,nac-biz,El Mostrador,Corea del Centro,https://www.elmostrador.cl/noticias/multimedia/corea-del-centro,internacional,medium,good,none,informative_or_unknown_but_not_filler
2026-06-13,nacional,nac-biz,El Mostrador,Sin Tapujos,https://www.elmostrador.cl/noticias/multimedia/sin-tapujos,politica_pais_cronica,medium,good,none,informative_or_unknown_but_not_filler
2026-06-13,nacional,nac-biz,El Mostrador,Empieza x acÃ¡,https://www.elmostrador.cl/noticias/multimedia/empieza-x-aca,politica_pais_cronica,medium,good,none,informative_or_unknown_but_not_filler
2026-06-13,nacional,nac-biz,El Mostrador,La Semana PolÃ­tica,https://www.elmostrador.cl/noticias/multimedia/la-semana-politica-tv,politica_pais_cronica,medium,good,none,informative_or_unknown_but_not_filler
2026-06-13,nacional,nac-biz,El Mostrador,Punto por Punto,https://www.elmostrador.cl/noticias/multimedia/punto-por-punto,politica_pais_cronica,medium,good,none,informative_or_unknown_but_not_filler
2026-06-13,nacional,nac-biz,El Mostrador,De aquÃ­ no sale,https://www.elmostrador.cl/noticias/multimedia/de-aqui-no-sale,general_informativo,medium,good,none,informative_or_unknown_but_not_filler
2026-06-13,nacional,nac-biz,El Mostrador,Hora de conversar,https://www.elmostrador.cl/noticias/multimedia/hora-de-conversar,general_informativo,medium,good,none,informative_or_unknown_but_not_filler
2026-06-13,nacional,nac-biz,El Mostrador,Lista de espera,https://www.elmostrador.cl/noticias/multimedia/lista-de-espera,general_informativo,medium,good,none,informative_or_unknown_but_not_filler
2026-06-13,nacional,nac-biz,El Mostrador,Entre Hilos,https://www.elmostrador.cl/noticias/multimedia/entre-hilos,general_informativo,medium,good,none,informative_or_unknown_but_not_filler
2026-06-13,nacional,nac-biz,El Mostrador,Cita de Libros,https://www.elmostrador.cl/noticias/multimedia/cita-de-libros,cultura,medium,good,none,informative_or_unknown_but_not_filler
2026-06-13,nacional,nac-biz,El Mostrador,Destacados,https://www.elmostrador.cl,internacional,medium,good,none,informative_or_unknown_but_not_filler
2026-06-13,nacional,nac-biz,Emol,"""Operación conjunta"": Cómo fue y qué se sabe de la acción que dio muerte al líder del Tren de Aragua",https://www.emol.com/noticias/Internacional/2026/06/13/1202713/nino-guerrero-tren-aragua-eeuu.html,internacional,medium,good,none,informative_or_unknown_but_not_filler
2026-06-13,nacional,nac-biz,Emol,"Venezuela confirma muerte del líder del Tren de Aragua y revela que hubo ""enfrentamientos"" durante el operativo",https://www.emol.com/noticias/Internacional/2026/06/13/1202704/venezuela-confirma-muerte-tren-aragua.html,politica_pais_cronica,medium,good,none,informative_or_unknown_but_not_filler
2026-06-13,nacional,nac-biz,Ex-Ante,Colombia: qué dicen las encuestas finales de cara a la segunda vuelta entre De la Espriella y Cepeda,https://www.ex-ante.cl/colombia-que-dicen-las-encuestas-finales-de-cara-a-la-segunda-vuelta-entre-de-la-espriella-y-cepeda,politica_pais_cronica,medium,good,none,informative_or_unknown_but_not_filler
2026-06-13,nacional,nac-biz,Ex-Ante,"Quién es Gianni Infantino, el polémico presidente de la FIFA cercano a Trump",https://www.ex-ante.cl/quien-es-gianni-infantino-el-polemico-presidente-de-la-fifa-cercano-a-trump,internacional,medium,good,none,informative_or_unknown_but_not_filler
2026-06-13,nacional,nac-biz,Ex-Ante,"Trump dice que mañana firmará acuerdo de paz con Irán, pero Teherán cuestiona la fecha",https://www.ex-ante.cl/trump-dice-que-manana-firmara-acuerdo-de-paz-con-iran-pero-teheran-cuestiona-la-fecha,politica_pais_cronica,medium,good,none,informative_or_unknown_but_not_filler
2026-06-13,nacional,nac-biz,Ex-Ante,La trampa del CAE. Por Kenneth Bunker,https://www.ex-ante.cl/la-trampa-del-cae-por-kenneth-bunker,politica_pais_cronica,medium,good,none,informative_or_unknown_but_not_filler
2026-06-13,nacional,nac-biz,Ex-Ante,Cuáles son los costos ocultos de la permisología para viviendas sociales que reveló el ministro Poduje,https://www.ex-ante.cl/cuales-son-los-costos-ocultos-de-la-permisologia-para-viviendas-sociales-que-revelo-el-ministro-poduje,politica_pais_cronica,medium,good,none,informative_or_unknown_but_not_filler
2026-06-13,nacional,nac-biz,Ex-Ante,"Video de la operación: así fue el ataque de EE.UU. que mató al “Niño Guerrero”, máximo líder del Tren de Aragua",https://www.ex-ante.cl/video-de-la-operacion-asi-fue-el-ataque-de-ee-uu-que-mato-al-nino-guerrero-maximo-lider-del-tren-de-aragua,internacional,medium,good,none,informative_or_unknown_but_not_filler
2026-06-13,nacional,nac-biz,Ex-Ante,El ocaso de Raúl Torrealba: los años de silencio del exalcalde de Vitacura mientras se acerca el juicio por corrupción,https://www.ex-ante.cl/el-ocaso-del-raul-torrealba-los-anos-de-silencio-del-exalcalde-de-vitacura-mientras-se-acerca-el-juicio-por-corrupcion,politica_pais_cronica,medium,good,none,informative_or_unknown_but_not_filler
2026-06-13,nacional,nac-biz,Ex-Ante,"Perfil: 15 cosas que hay que saber del “Niño Guerrero”, el abatido líder del Tren de Aragua (y sus redes en Chile)",https://www.ex-ante.cl/perfil-15-cosas-que-hay-que-saber-del-nino-guerrero-el-abatido-lider-del-tren-de-aragua-y-sus-redes-en-chile,politica_pais_cronica,medium,good,none,informative_or_unknown_but_not_filler
2026-06-13,nacional,nac-biz,Ex-Ante,"Quién es Annie Walker, la ejecutiva enviada desde EE.UU. para liderar la potente expansión de Walmart en Chile",https://www.ex-ante.cl/quien-es-annie-walker-la-ejecutiva-enviada-desde-ee-uu-para-liderar-la-potente-expansion-de-walmart-en-chile,politica_pais_cronica,medium,good,none,informative_or_unknown_but_not_filler
2026-06-13,nacional,nac-biz,La Tercera,Perú y sus tres mitades - La Tercera,https://www.latercera.com/opinion/noticia/peru-y-sus-tres-mitades,politica_pais_cronica,medium,good,none,informative_or_unknown_but_not_filler
2026-06-13,nacional,nac-biz,The Clinic,“Se ha transformado en un soldado de la batalla ideológica y cultural”: figuras de la oposición le salen al cruce a Quiroz tras sus dichos sobre Boric y el CAE,https://www.theclinic.cl/2026/06/13/se-ha-transformado-en-un-soldado-de-la-batalla-ideologica-y-cultural-figuras-de-la-oposicion-le-salen-al-cruce-a-quiroz-tras-sus-dichos-sobre-boric-y-el-cae,politica_pais_cronica,medium,good,none,informative_or_unknown_but_not_filler
2026-06-13,nacional,nac-biz,The Clinic,Instituto Nacional vuelve a suspender clases presenciales tras amenazas de tiroteo: Desbordes acusa que SLEP no ha actuado “con la fuerza que se necesita”,https://www.theclinic.cl/2026/06/13/instituto-nacional-vuelve-a-suspender-clases-presenciales-tras-amenazas-de-tiroteo-desbordes-acusa-que-slep-no-ha-actuado-con-la-fuerza-que-se-necesita,educacion,medium,good,none,informative_or_unknown_but_not_filler
2026-06-13,nacional,nac-biz,The Clinic,"Quién es Carolyn Rodrigues-Birkett, la nueva contrincante de Michelle Bachelet en la carrera por la secretaría general de Naciones Unidas",https://www.theclinic.cl/2026/06/13/quien-es-carolyn-rodrigues-birkett-la-nueva-contrincante-de-michelle-bachelet-en-la-carrera-por-la-secretaria-general-de-naciones-unidas,politica_pais_cronica,medium,good,none,informative_or_unknown_but_not_filler
2026-06-13,nacional,nac-biz,The Clinic,"“Lo más importante es volver el foco a la prevención, más que a la sanción”: Gobierno prepara cambios por vía administrativa a la Ley Karin",https://www.theclinic.cl/2026/06/13/lo-mas-importante-es-volver-el-foco-a-la-prevencion-mas-que-a-la-sancion-gobierno-prepara-cambios-por-via-administrativa-a-la-ley-karin,politica_pais_cronica,medium,good,none,informative_or_unknown_but_not_filler
2026-06-13,nacional,nac-biz,The Clinic,La arremetida de Quiroz contra Boric por el cobro del CAE: “Por algún motivo al expresidente no le gusta que se paguen las deudas”,https://www.theclinic.cl/2026/06/13/la-arremetida-de-quiroz-contra-boric-por-el-cobro-del-cae-por-algun-motivo-al-expresidente-no-le-gusta-que-se-paguen-las-deudas,politica_pais_cronica,medium,good,none,informative_or_unknown_but_not_filler
2026-06-13,nacional,nac-biz,The Clinic,"Personas en situación de autopista: miles de personas duermen en zonas aledañas a autopistas, un refugio donde el riesgo es morir atropellado | The Clinic",https://www.theclinic.cl/2026/06/13/personas-en-situacion-de-autopista-648-personas-duermen-en-dos-autopistas-de-santiago-un-refugio-donde-el-riesgo-es-morir-atropellado,general_informativo,medium,good,none,informative_or_unknown_but_not_filler
2026-06-13,nacional,nac-biz,The Clinic,"La historia de Lientur Rojas, el titiritero y profesor de Concepción que dedicó seis décadas a un oficio que lo convirtió en ""Tesoro humano vivo"" | The Clinic",https://www.theclinic.cl/2026/06/13/la-historia-de-lientur-rojas-el-titiritero-y-profesor-de-concepcion-que-dedico-seis-decadas-a-un-oficio-que-lo-convirtio-en-tesoro-humano-vivo,educacion,medium,good,none,informative_or_unknown_but_not_filler
2026-06-13,nacional,nac-biz,Eldiarioinmobiliario,Seminario técnico repasó principales contenidos del Manual Práctico para la Reglamentación Térmica 2025,https://eldiarioinmobiliario.cl/destacadas/seminario-tecnico-repaso-principales-contenidos-del-manual-practico-para-la-reglamentacion-termica-2025,politica_pais_cronica,medium,good,none,informative_or_unknown_but_not_filler
2026-06-13,nacional,nac-biz,Portalinnova,Columna de opinión | ¿Todos quieren realmente un acuerdo entre Estados Unidos e Irán?,https://portalinnova.cl/columna-de-opinion-todos-quieren-realmente-un-acuerdo-entre-estados-unidos-e-iran,internacional,medium,good,none,informative_or_unknown_but_not_filler
2026-06-13,nacional,nac-biz,Diariodevaldivia - Chile Argentina,Confirman avances para renovar rotonda de Yáñez Zavala y Pablo Neruda - Diario de Valdivia,https://www.diariodevaldivia.cl/noticia/actualidad/2026/06/confirman-avances-para-renovar-rotonda-de-yanez-zavala-y-pablo-neruda,politica_pais_cronica,medium,good,none,informative_or_unknown_but_not_filler
2026-06-13,nacional,nac-biz,Diariodevaldivia - Chile Argentina,Reportan incendio en de inmueble en Panguipulli - Diario de Valdivia,https://www.diariodevaldivia.cl/noticia/emergencias/2026/06/reportan-incendio-en-de-inmueble-en-panguipulli,general_informativo,medium,good,none,informative_or_unknown_but_not_filler
2026-06-13,nacional,nac-biz,Diariodevaldivia - Chile Argentina,Reportan colisión entre vehículo menor y motociclista - Diario de Valdivia,https://www.diariodevaldivia.cl/noticia/emergencias/2026/06/reportan-colision-entre-vehiculo-menor-y-motociclista,general_informativo,medium,good,none,informative_or_unknown_but_not_filler
2026-06-13,nacional,nac-biz,Diariodevaldivia - Chile Argentina,Artistas de Los Ríos fueron premiados en Concurso Historias de Nuestra Tierra - Diario de Valdivia,https://www.diariodevaldivia.cl/noticia/actualidad/2026/06/artistas-de-los-rios-fueron-premiados-en-concurso-historias-de-nuestra-tierra,cultura,medium,good,none,informative_or_unknown_but_not_filler
2026-06-13,nacional,nac-biz,Diariodevaldivia - Chile Argentina,La memoria larga de un invierno que no quiero olvidar - Diario de Valdivia,https://www.diariodevaldivia.cl/noticia/historias-diariosur/2026/06/la-memoria-larga-de-un-invierno-que-no-quiero-olvidar,general_informativo,medium,good,none,informative_or_unknown_but_not_filler
2026-06-13,regiones,reg,Diariocorral,Confirman avances para renovar rotonda de Yáñez Zavala y Pablo Neruda - Diario Corral,https://www.diariocorral.cl/noticia/actualidad/2026/06/confirman-avances-para-renovar-rotonda-de-yanez-zavala-y-pablo-neruda,politica_pais_cronica,medium,good,none,informative_or_unknown_but_not_filler
2026-06-13,regiones,reg,Diariocorral,La memoria larga de un invierno que no quiero olvidar - Diario Corral,https://www.diariocorral.cl/noticia/historias-diariosur/2026/06/la-memoria-larga-de-un-invierno-que-no-quiero-olvidar,general_informativo,medium,good,none,informative_or_unknown_but_not_filler
2026-06-13,regiones,reg,Diariodeosorno,"""¡Qué bochorno!"" llegará al escenario del Centro Cultural de Osorno - Diario de Osorno",https://www.diariodeosorno.cl/noticia/panoramas-y-cultura/2026/06/que-bochorno-llegara-al-escenario-del-centro-cultural-de-osorno,cultura,medium,good,none,informative_or_unknown_but_not_filler
2026-06-13,regiones,reg,Diariodeosorno,Alerta sanitaria por cuatro casos sospechosos de triquinosis - Diario de Osorno,https://www.diariodeosorno.cl/noticia/salud/2026/06/alerta-sanitaria-por-cuatro-casos-sospechosos-de-triquinosis,salud,medium,good,none,informative_or_unknown_but_not_filler
2026-06-13,regiones,reg,Diariodeosorno,Brigada Escolar de Rescate destacó en Seminario de Convivencia Educativa - Diario de Osorno,https://www.diariodeosorno.cl/noticia/educacion/2026/06/brigada-escolar-de-rescate-destaco-en-seminario-de-convivencia-educativa,educacion,medium,good,none,informative_or_unknown_but_not_filler
2026-06-13,regiones,reg,Diariodeosorno,La memoria larga de un invierno que no quiero olvidar - Diario de Osorno,https://www.diariodeosorno.cl/noticia/historias-diariosur/2026/06/la-memoria-larga-de-un-invierno-que-no-quiero-olvidar,general_informativo,medium,good,none,informative_or_unknown_but_not_filler
2026-06-13,regiones,reg,Diariodepanguipulli,Reportan incendio en de inmueble en Panguipulli - Diario de Panguipulli,https://www.diariodepanguipulli.cl/noticia/emergencias/2026/06/reportan-incendio-en-de-inmueble-en-panguipulli,general_informativo,medium,good,none,informative_or_unknown_but_not_filler
2026-06-13,regiones,reg,Diariodepanguipulli,Artistas de Los Ríos fueron premiados en Concurso Historias de Nuestra Tierra - Diario de Panguipulli,https://www.diariodepanguipulli.cl/noticia/actualidad/2026/06/artistas-de-los-rios-fueron-premiados-en-concurso-historias-de-nuestra-tierra,cultura,medium,good,none,informative_or_unknown_but_not_filler
2026-06-13,regiones,reg,Diariodepanguipulli,La memoria larga de un invierno que no quiero olvidar - Diario de Panguipulli,https://www.diariodepanguipulli.cl/noticia/historias-diariosur/2026/06/la-memoria-larga-de-un-invierno-que-no-quiero-olvidar,general_informativo,medium,good,none,informative_or_unknown_but_not_filler
2026-06-13,regiones,reg,Diariodepuertomontt,La cirugía de párpado caído se consolida como la tercera intervención facial más demandada en Chile - Diario De Puerto Montt,https://www.diariodepuertomontt.cl/noticia/actualidad/2026/06/blefaroplastia-chile-cirugia-parpado-caido,salud,medium,good,none,informative_or_unknown_but_not_filler
2026-06-13,regiones,reg,Diariodepuertomontt,La memoria larga de un invierno que no quiero olvidar - Diario De Puerto Montt,https://www.diariodepuertomontt.cl/noticia/actualidad/2026/06/la-memoria-larga-de-un-invierno-que-no-quiero-olvidar,general_informativo,medium,good,none,informative_or_unknown_but_not_filler
2026-06-13,regiones,reg,Diariofutrono,Artistas de Los Ríos fueron premiados en Concurso Historias de Nuestra Tierra - Diario Futrono,https://www.diariofutrono.cl/noticia/actualidad/2026/06/artistas-de-los-rios-fueron-premiados-en-concurso-historias-de-nuestra-tierra,cultura,medium,good,none,informative_or_unknown_but_not_filler
2026-06-13,regiones,reg,Diariofutrono,La memoria larga de un invierno que no quiero olvidar - Diario Futrono,https://www.diariofutrono.cl/noticia/historias-diariosur/2026/06/la-memoria-larga-de-un-invierno-que-no-quiero-olvidar,general_informativo,medium,good,none,informative_or_unknown_but_not_filler
2026-06-13,regiones,reg,Diariolagoranco,Artistas de Los Ríos fueron premiados en Concurso Historias de Nuestra Tierra - Diario Lago Ranco,https://www.diariolagoranco.cl/noticia/actualidad/2026/06/artistas-de-los-rios-fueron-premiados-en-concurso-historias-de-nuestra-tierra,cultura,medium,good,none,informative_or_unknown_but_not_filler
2026-06-13,regiones,reg,Diariolagoranco,La memoria larga de un invierno que no quiero olvidar - Diario Lago Ranco,https://www.diariolagoranco.cl/noticia/historias-diariosur/2026/06/la-memoria-larga-de-un-invierno-que-no-quiero-olvidar,general_informativo,medium,good,none,informative_or_unknown_but_not_filler
2026-06-13,regiones,reg,Diariolaguino,La memoria larga de un invierno que no quiero olvidar - Diario Laguino,https://www.diariolaguino.cl/noticia/historias-diariosur/2026/06/la-memoria-larga-de-un-invierno-que-no-quiero-olvidar,general_informativo,medium,good,none,informative_or_unknown_but_not_filler
2026-06-13,regiones,reg,Diariolanco,La memoria larga de un invierno que no quiero olvidar - Diario Lanco,https://www.diariolanco.cl/noticia/historias-diariosur/2026/06/la-memoria-larga-de-un-invierno-que-no-quiero-olvidar,general_informativo,medium,good,none,informative_or_unknown_but_not_filler
2026-06-13,regiones,reg,Diariolaunion,Artistas de Los Ríos fueron premiados en Concurso Historias de Nuestra Tierra - Diario La Unión,https://www.diariolaunion.cl/noticia/actualidad/2026/06/artistas-de-los-rios-fueron-premiados-en-concurso-historias-de-nuestra-tierra,cultura,medium,good,none,informative_or_unknown_but_not_filler
2026-06-13,regiones,reg,Diariolaunion,La memoria larga de un invierno que no quiero olvidar - Diario La Unión,https://www.diariolaunion.cl/noticia/historias-diariosur/2026/06/la-memoria-larga-de-un-invierno-que-no-quiero-olvidar,general_informativo,medium,good,none,informative_or_unknown_but_not_filler
2026-06-13,regiones,reg,Diariomafil,Confirman avances para renovar rotonda de Yáñez Zavala y Pablo Neruda - Diario Máfil,https://www.diariomafil.cl/noticia/actualidad/2026/06/confirman-avances-para-renovar-rotonda-de-yanez-zavala-y-pablo-neruda,politica_pais_cronica,medium,good,none,informative_or_unknown_but_not_filler
2026-06-13,regiones,reg,Diariomafil,La memoria larga de un invierno que no quiero olvidar - Diario Máfil,https://www.diariomafil.cl/noticia/historias-diariosur/2026/06/la-memoria-larga-de-un-invierno-que-no-quiero-olvidar,general_informativo,medium,good,none,informative_or_unknown_but_not_filler
2026-06-13,regiones,reg,Diariopaillaco,La memoria larga de un invierno que no quiero olvidar - Diario Paillaco,https://www.diariopaillaco.cl/noticia/historias-diariosur/2026/06/la-memoria-larga-de-un-invierno-que-no-quiero-olvidar,general_informativo,medium,good,none,informative_or_unknown_but_not_filler
2026-06-13,regiones,reg,Diarioriobueno,Artistas de Los Ríos fueron premiados en Concurso Historias de Nuestra Tierra - Diario Río Bueno,https://www.diarioriobueno.cl/noticia/actualidad/2026/06/artistas-de-los-rios-fueron-premiados-en-concurso-historias-de-nuestra-tierra,cultura,medium,good,none,informative_or_unknown_but_not_filler
2026-06-13,regiones,reg,Diarioriobueno,La memoria larga de un invierno que no quiero olvidar - Diario Río Bueno,https://www.diarioriobueno.cl/noticia/historias-diariosur/2026/06/la-memoria-larga-de-un-invierno-que-no-quiero-olvidar,general_informativo,medium,good,none,informative_or_unknown_but_not_filler
2026-06-13,regiones,reg,Diariosanjose,Confirman avances para renovar rotonda de Yáñez Zavala y Pablo Neruda - Diario San José,https://www.diariosanjose.cl/noticia/actualidad/2026/06/confirman-avances-para-renovar-rotonda-de-yanez-zavala-y-pablo-neruda,politica_pais_cronica,medium,good,none,informative_or_unknown_but_not_filler
2026-06-13,regiones,reg,Diariosanjose,La memoria larga de un invierno que no quiero olvidar - Diario San José,https://www.diariosanjose.cl/noticia/historias-diariosur/2026/06/la-memoria-larga-de-un-invierno-que-no-quiero-olvidar,general_informativo,medium,good,none,informative_or_unknown_but_not_filler
2026-06-13,regiones,reg,Elnaveghable,Irán enfría expectativas y posterga firma de acuerdo con Estados Unidos en medio de tensas negociaciones,https://www.elnaveghable.cl/noticia/politica/iran-enfria-expectativas-y-posterga-firma-de-acuerdo-con-estados-unidos-en-medio-de,politica_pais_cronica,medium,good,none,informative_or_unknown_but_not_filler
2026-06-13,regiones,reg,Elnaveghable,Regiones Más Fuertes: autoridades regionales presentarán agenda de autonomía al Presidente Kast,https://www.elnaveghable.cl/noticia/politica/regiones-mas-fuertes-autoridades-regionales-presentaran-agenda-de-autonomia-al-pres,politica_pais_cronica,medium,good,none,informative_or_unknown_but_not_filler
2026-06-13,regiones,reg,Elnaveghable,Influenza A desplaza al Rinovirus y crecen las consultas respiratorias en la red asistencial chilena,https://www.elnaveghable.cl/noticia/adultos-mayores/influenza-desplaza-al-rinovirus-y-crecen-las-consultas-respiratorias-en-la-r,politica_pais_cronica,medium,good,none,informative_or_unknown_but_not_filler
2026-06-13,regiones,reg,Elnaveghable,"Columna:""Modernizar la Alta Dirección Pública también implica hacer atractivo el servicio público""",https://www.elnaveghable.cl/noticia/alta-direccion-publica/columnamodernizar-la-alta-direccion-publica-tambien-implica-hacer-atr,politica_pais_cronica,medium,good,none,informative_or_unknown_but_not_filler
2026-06-13,regiones,reg,Elrepuertero,Irán enfría expectativas y posterga firma de acuerdo con Estados Unidos en medio de tensas negociaciones,https://www.elrepuertero.cl/noticia/politica/iran-enfria-expectativas-y-posterga-firma-de-acuerdo-con-estados-unidos-en-medio-de,politica_pais_cronica,medium,good,none,informative_or_unknown_but_not_filler
2026-06-13,regiones,reg,Elrepuertero,Regiones Más Fuertes: autoridades regionales presentarán agenda de autonomía al Presidente Kast,https://www.elrepuertero.cl/noticia/politica/regiones-mas-fuertes-autoridades-regionales-presentaran-agenda-de-autonomia-al-pres,politica_pais_cronica,medium,good,none,informative_or_unknown_but_not_filler
2026-06-13,regiones,reg,Elrepuertero,Influenza A desplaza al Rinovirus y crecen las consultas respiratorias en la red asistencial chilena,https://www.elrepuertero.cl/noticia/adultos-mayores/influenza-desplaza-al-rinovirus-y-crecen-las-consultas-respiratorias-en-la-r,politica_pais_cronica,medium,good,none,informative_or_unknown_but_not_filler
2026-06-13,regiones,reg,Elrepuertero,"Columna:""Modernizar la Alta Dirección Pública también implica hacer atractivo el servicio público""",https://www.elrepuertero.cl/noticia/alta-direccion-publica/columnamodernizar-la-alta-direccion-publica-tambien-implica-hacer-atr,politica_pais_cronica,medium,good,none,informative_or_unknown_but_not_filler
2026-06-13,regiones,reg,Elvacanudo,Irán enfría expectativas y posterga firma de acuerdo con Estados Unidos en medio de tensas negociaciones,https://www.elvacanudo.cl/noticia/politica/iran-enfria-expectativas-y-posterga-firma-de-acuerdo-con-estados-unidos-en-medio-de,politica_pais_cronica,medium,good,none,informative_or_unknown_but_not_filler
2026-06-13,regiones,reg,Elvacanudo,Regiones Más Fuertes: autoridades regionales presentarán agenda de autonomía al Presidente Kast,https://www.elvacanudo.cl/noticia/politica/regiones-mas-fuertes-autoridades-regionales-presentaran-agenda-de-autonomia-al-pres,politica_pais_cronica,medium,good,none,informative_or_unknown_but_not_filler
2026-06-13,regiones,reg,Elvacanudo,Influenza A desplaza al Rinovirus y crecen las consultas respiratorias en la red asistencial chilena,https://www.elvacanudo.cl/noticia/adultos-mayores/influenza-desplaza-al-rinovirus-y-crecen-las-consultas-respiratorias-en-la-r,politica_pais_cronica,medium,good,none,informative_or_unknown_but_not_filler
2026-06-13,regiones,reg,Elvacanudo,"Columna:""Modernizar la Alta Dirección Pública también implica hacer atractivo el servicio público""",https://www.elvacanudo.cl/noticia/alta-direccion-publica/columnamodernizar-la-alta-direccion-publica-tambien-implica-hacer-atr,politica_pais_cronica,medium,good,none,informative_or_unknown_but_not_filler
2026-06-13,regiones,reg,Lasnoticiasdemalleco,Victoria inaugura Punto de Posada para Helicópteros de Emergencia en La Araucanía,https://lasnoticiasdemalleco.cl/emergencia/victoria-inaugura-punto-de-posada-para-helicopteros-de-emergencia-en-la-araucania,politica_pais_cronica,medium,good,none,informative_or_unknown_but_not_filler
2026-06-13,regiones,reg,Lasnoticiasdemalleco,Lumaco refuerza seguridad pública con proyectos por más de $103 millones,https://lasnoticiasdemalleco.cl/sucesos/lumaco-refuerza-seguridad-publica-con-proyectos-por-mas-de-103-millones,politica_pais_cronica,medium,good,none,informative_or_unknown_but_not_filler
2026-06-13,regiones,reg,Lasnoticiasdemalleco,Hombre fue encontrado muerto en una vivienda de Renaico,https://lasnoticiasdemalleco.cl/policial/hombre-fue-encontrado-muerto-en-una-vivienda-de-renaico,salud,medium,good,none,informative_or_unknown_but_not_filler
2026-06-13,regiones,reg,Diariolongino,Liceo Emblemático Bernardo O’Higgins conmemoró 140 años de historia y servicio a la Educación Pública,https://diariolongino.cl/liceo-emblematico-bernardo-ohiggins-conmemoro-140-anos-de-historia-y-servicio-a-la-educacion-publica,educacion,medium,good,none,informative_or_unknown_but_not_filler
2026-06-13,regiones,reg,Diariolongino,Estudiantes del Instituto Comercial obtienen primer lugar en competencia de inglés,https://diariolongino.cl/estudiantes-del-instituto-comercial-obtienen-primer-lugar-en-competencia-de-ingles,educacion,medium,good,none,informative_or_unknown_but_not_filler
2026-06-13,regiones,reg,Diariolongino,Patrulla SERO fortalece capacidades de conducción nocturna en motos de nieve,https://diariolongino.cl/patrulla-sero-fortalece-capacidades-de-conduccion-nocturna-en-motos-de-nieve,politica_pais_cronica,medium,good,none,informative_or_unknown_but_not_filler
2026-06-13,regiones,reg,Diariolongino,¿Todos quieren realmente un acuerdo entre Estados Unidos e Irán?,https://diariolongino.cl/todos-quieren-realmente-un-acuerdo-entre-estados-unidos-e-iran,internacional,medium,good,none,informative_or_unknown_but_not_filler
2026-06-13,regiones,reg,Diariolongino,38 jóvenes de Tarapacá se preparan para operar camiones CAEX en la industria minera,https://diariolongino.cl/38-jovenes-de-tarapaca-se-preparan-para-operar-camiones-caex-en-la-industria-minera,educacion,medium,good,none,informative_or_unknown_but_not_filler
2026-06-13,regiones,reg,Elboyaldia,Irán enfría expectativas y posterga firma de acuerdo con Estados Unidos en medio de tensas negociaciones,https://www.elboyaldia.cl/noticia/politica/iran-enfria-expectativas-y-posterga-firma-de-acuerdo-con-estados-unidos-en-medio-de,politica_pais_cronica,medium,good,none,informative_or_unknown_but_not_filler
2026-06-13,regiones,reg,Elboyaldia,Regiones Más Fuertes: autoridades regionales presentarán agenda de autonomía al Presidente Kast,https://www.elboyaldia.cl/noticia/politica/regiones-mas-fuertes-autoridades-regionales-presentaran-agenda-de-autonomia-al-pres,politica_pais_cronica,medium,good,none,informative_or_unknown_but_not_filler
2026-06-13,regiones,reg,Elboyaldia,Influenza A desplaza al Rinovirus y crecen las consultas respiratorias en la red asistencial chilena,https://www.elboyaldia.cl/noticia/adultos-mayores/influenza-desplaza-al-rinovirus-y-crecen-las-consultas-respiratorias-en-la-r,politica_pais_cronica,medium,good,none,informative_or_unknown_but_not_filler
2026-06-13,regiones,reg,Elboyaldia,"Columna:""Modernizar la Alta Dirección Pública también implica hacer atractivo el servicio público""",https://www.elboyaldia.cl/noticia/alta-direccion-publica/columnamodernizar-la-alta-direccion-publica-tambien-implica-hacer-atr,politica_pais_cronica,medium,good,none,informative_or_unknown_but_not_filler
2026-06-13,regiones,reg,Elmorrocotudo,"Core de Arica propone cambios en el Morro de Arica: ""No podemos seguir reaccionando después de las tragedias""",https://www.elmorrocotudo.cl/noticia/sociedad/core-de-arica-propone-cambios-en-el-morro-de-arica-no-podemos-seguir-reaccionando-d,educacion,medium,good,none,informative_or_unknown_but_not_filler
2026-06-13,regiones,reg,Elmorrocotudo,¿Peligraban el Festival del Choclo y otras fiestas? Concejo de Arica aprueba contratación de guardias privados con debate por nueva ley,https://www.elmorrocotudo.cl/noticia/cultura/peligraban-el-festival-del-choclo-y-otras-fiestas-concejo-de-arica-aprueba-contratac,politica_pais_cronica,medium,good,none,informative_or_unknown_but_not_filler
2026-06-13,regiones,reg,Elmorrocotudo,$3.900 millones destrabaron una crisis silenciosa en el Hospital de Arica: ¿Qué habría pasado sin estos recursos?,https://www.elmorrocotudo.cl/noticia/salud/3900-millones-destrabaron-una-crisis-silenciosa-en-el-hospital-de-arica-que-habria-pas,salud,medium,good,none,informative_or_unknown_but_not_filler
2026-06-13,regiones,reg,Elmorrocotudo,Fotos | Así es la nueva grúa contra los vehículos abandonados en Arica: Puede retirar hasta 5 autos al día,https://www.elmorrocotudo.cl/noticia/sociedad/fotos-asi-es-la-nueva-grua-contra-los-vehiculos-abandonados-en-arica-puede-retirar-,politica_pais_cronica,medium,good,none,informative_or_unknown_but_not_filler
2026-06-13,regiones,reg,Elmorrocotudo,Irán enfría expectativas y posterga firma de acuerdo con Estados Unidos en medio de tensas negociaciones,https://www.elmorrocotudo.cl/noticia/politica/iran-enfria-expectativas-y-posterga-firma-de-acuerdo-con-estados-unidos-en-medio-de,politica_pais_cronica,medium,good,none,informative_or_unknown_but_not_filler
2026-06-13,regiones,reg,Elmorrocotudo,Baños públicos y prevención: la nueva batalla contra la propagación de virus en Chile,https://www.elmorrocotudo.cl/noticia/salud/banos-publicos-y-prevencion-la-nueva-batalla-contra-la-propagacion-de-virus-en-chile,salud,medium,good,none,informative_or_unknown_but_not_filler
2026-06-13,regiones,reg,Elmorrocotudo,Influenza A desplaza al Rinovirus y crecen las consultas respiratorias en la red asistencial chilena,https://www.elmorrocotudo.cl/noticia/salud/influenza-desplaza-al-rinovirus-y-crecen-las-consultas-respiratorias-en-la-red-asisten,politica_pais_cronica,medium,good,none,informative_or_unknown_but_not_filler
2026-06-13,regiones,reg,Elmorrocotudo,"Columna:""Modernizar la Alta Dirección Pública también implica hacer atractivo el servicio público""",https://www.elmorrocotudo.cl/noticia/educacion/columnamodernizar-la-alta-direccion-publica-tambien-implica-hacer-atractivo-el-ser,politica_pais_cronica,medium,good,none,informative_or_unknown_but_not_filler
2026-06-13,regiones,reg,Elnortero,Irán enfría expectativas y posterga firma de acuerdo con Estados Unidos en medio de tensas negociaciones,https://www.elnortero.cl/noticia/politica/iran-enfria-expectativas-y-posterga-firma-de-acuerdo-con-estados-unidos-en-medio-de,politica_pais_cronica,medium,good,none,informative_or_unknown_but_not_filler
2026-06-13,regiones,reg,Elnortero,Regiones Más Fuertes: autoridades regionales presentarán agenda de autonomía al Presidente Kast,https://www.elnortero.cl/noticia/politica/regiones-mas-fuertes-autoridades-regionales-presentaran-agenda-de-autonomia-al-pres,politica_pais_cronica,medium,good,none,informative_or_unknown_but_not_filler
2026-06-13,regiones,reg,Elnortero,Influenza A desplaza al Rinovirus y crecen las consultas respiratorias en la red asistencial chilena,https://www.elnortero.cl/noticia/adultos-mayores/influenza-desplaza-al-rinovirus-y-crecen-las-consultas-respiratorias-en-la-r,politica_pais_cronica,medium,good,none,informative_or_unknown_but_not_filler
2026-06-13,regiones,reg,Elnortero,"Columna:""Modernizar la Alta Dirección Pública también implica hacer atractivo el servicio público""",https://www.elnortero.cl/noticia/alta-direccion-publica/columnamodernizar-la-alta-direccion-publica-tambien-implica-hacer-atr,politica_pais_cronica,medium,good,none,informative_or_unknown_but_not_filler
2026-06-13,regiones,reg,Timeline,Tragedia en campamento de Antofagasta: incendio deja un menor fallecido y 49 damnificados,https://www.timeline.cl/tragedia-en-campamento-de-antofagasta-incendio-deja-un-menor-fallecido-y-49-damnificados,general_informativo,medium,good,none,informative_or_unknown_but_not_filler
2026-06-13,regiones,reg,Chanarcillo,"Gobernador Miguel Vargas: “Nos gusta la idea de un Estado más eficiente, pero no necesariamente más pequeño”",https://www.chanarcillo.cl/gobernador-miguel-vargas-nos-gusta-la-idea-de-un-estado-mas-eficiente-pero-no-necesariamente-mas-pequeno,politica_pais_cronica,medium,good,none,informative_or_unknown_but_not_filler
2026-06-13,regiones,reg,Chanarcillo,Presentan nueva ambulancia para el Samu y el diseño de reposición del CESFAM Dr. Bernardo Mellibovsky,https://www.chanarcillo.cl/presentan-nueva-ambulancia-para-el-samu-y-el-diseno-de-reposicion-del-cesfam-dr-bernardo-mellibovsky,politica_pais_cronica,medium,good,none,informative_or_unknown_but_not_filler
2026-06-13,regiones,reg,Chanarcillo,Alcaldes de Atacama preocupados por la rebaja presupuestaria de la Subdere,https://www.chanarcillo.cl/alcaldes-de-atacama-preocupados-por-la-rebaja-presupuestaria-de-la-subdere,politica_pais_cronica,medium,good,none,informative_or_unknown_but_not_filler
2026-06-13,regiones,reg,Diarioeldia,Buscan acelerar el proceso de restauración de la iglesia de Monte Patria,https://www.diarioeldia.cl/noticias/2026/06/13/141163-buscan-acelerar-el-proceso-de-restauracion-de-la-iglesia-de-monte-patria,politica_pais_cronica,medium,good,none,informative_or_unknown_but_not_filler
2026-06-13,regiones,reg,Diarioeldia,Medallas de Boric vuelven a la venta con sorpresivo alza de precio,https://www.diarioeldia.cl/noticias/2026/06/13/141136-medallas-de-boric-vuelven-a-la-venta-con-sorpresivo-alza-de-precio,politica_pais_cronica,medium,good,none,informative_or_unknown_but_not_filler
2026-06-13,regiones,reg,Diariolaregion,Ali asume presidencia de Asociación Nacional de Ciudades Puerto,https://www.diariolaregion.cl/ali-asume-presidencia-de-asociacion-nacional-de-ciudades-puerto,politica_pais_cronica,medium,good,none,informative_or_unknown_but_not_filler
2026-06-13,regiones,reg,Diariolaregion,Trabajadores de Clínica Elqui cumplen quinto día de huelga y parlamentarios ofician a autoridades,https://www.diariolaregion.cl/trabajadores-de-clinica-elqui-cumplen-quinto-dia-de-huelga-y-parlamentarios-ofician-a-autoridades,politica_pais_cronica,medium,good,none,informative_or_unknown_but_not_filler
2026-06-13,regiones,reg,Diariolaregion,Limpieza de cables en el casco histórico de La Serena,https://www.diariolaregion.cl/limpieza-de-cables-en-el-casco-historico-de-la-serena,politica_pais_cronica,medium,good,none,informative_or_unknown_but_not_filler
2026-06-13,regiones,reg,Diariolaregion,Conmemoración en el Día del Mártir de Carabineros,https://www.diariolaregion.cl/conmemoracion-en-el-dia-del-martir-de-carabineros,politica_pais_cronica,medium,good,none,informative_or_unknown_but_not_filler
2026-06-13,regiones,reg,Elobservatodo,Irán enfría expectativas y posterga firma de acuerdo con Estados Unidos en medio de tensas negociaciones,https://www.elobservatodo.cl/noticia/politica/iran-enfria-expectativas-y-posterga-firma-de-acuerdo-con-estados-unidos-en-medio-de,politica_pais_cronica,medium,good,none,informative_or_unknown_but_not_filler
2026-06-13,regiones,reg,Elobservatodo,Regiones Más Fuertes: autoridades regionales presentarán agenda de autonomía al Presidente Kast,https://www.elobservatodo.cl/noticia/politica/regiones-mas-fuertes-autoridades-regionales-presentaran-agenda-de-autonomia-al-pres,politica_pais_cronica,medium,good,none,informative_or_unknown_but_not_filler
2026-06-13,regiones,reg,Elobservatodo,Influenza A desplaza al Rinovirus y crecen las consultas respiratorias en la red asistencial chilena,https://www.elobservatodo.cl/noticia/adultos-mayores/influenza-desplaza-al-rinovirus-y-crecen-las-consultas-respiratorias-en-la-r,politica_pais_cronica,medium,good,none,informative_or_unknown_but_not_filler
2026-06-13,regiones,reg,Elobservatodo,"Columna:""Modernizar la Alta Dirección Pública también implica hacer atractivo el servicio público""",https://www.elobservatodo.cl/noticia/alta-direccion-publica/columnamodernizar-la-alta-direccion-publica-tambien-implica-hacer-atr,politica_pais_cronica,medium,good,none,informative_or_unknown_but_not_filler
2026-06-13,regiones,reg,Elquehaydecierto,Irán enfría expectativas y posterga firma de acuerdo con Estados Unidos en medio de tensas negociaciones,https://www.elquehaydecierto.cl/noticia/politica/iran-enfria-expectativas-y-posterga-firma-de-acuerdo-con-estados-unidos-en-medio-de,politica_pais_cronica,medium,good,none,informative_or_unknown_but_not_filler
2026-06-13,regiones,reg,Elquehaydecierto,Regiones Más Fuertes: autoridades regionales presentarán agenda de autonomía al Presidente Kast,https://www.elquehaydecierto.cl/noticia/politica/regiones-mas-fuertes-autoridades-regionales-presentaran-agenda-de-autonomia-al-pres,politica_pais_cronica,medium,good,none,informative_or_unknown_but_not_filler
2026-06-13,regiones,reg,Elquehaydecierto,Influenza A desplaza al Rinovirus y crecen las consultas respiratorias en la red asistencial chilena,https://www.elquehaydecierto.cl/noticia/adultos-mayores/influenza-desplaza-al-rinovirus-y-crecen-las-consultas-respiratorias-en-la-r,politica_pais_cronica,medium,good,none,informative_or_unknown_but_not_filler
2026-06-13,regiones,reg,Elquehaydecierto,"Columna:""Modernizar la Alta Dirección Pública también implica hacer atractivo el servicio público""",https://www.elquehaydecierto.cl/noticia/alta-direccion-publica/columnamodernizar-la-alta-direccion-publica-tambien-implica-hacer-atr,politica_pais_cronica,medium,good,none,informative_or_unknown_but_not_filler
2026-06-13,regiones,reg,Miradiols,«No le gusta que se paguen las deudas»: Quiroz criticó a Boric y defendió los embargos por CAE,https://www.miradiols.cl/2026/06/13/no-le-gusta-que-se-paguen-las-deudas-quiroz-critico-a-boric-y-defendio-los-embargos-por-cae,politica_pais_cronica,medium,good,none,informative_or_unknown_but_not_filler
2026-06-13,regiones,reg,Miradiols,"Fujimori gana con el 50,012%: Culmina el conteo de votos de la segunda vuelta en Perú",https://www.miradiols.cl/2026/06/13/fujimori-gana-con-el-50012-culmina-el-conteo-de-votos-de-la-segunda-vuelta-en-peru,politica_pais_cronica,medium,good,none,informative_or_unknown_but_not_filler
2026-06-13,regiones,reg,Miradiols,17 cm de nieve se registraron en la cordillera del Elqui esta semana,https://www.miradiols.cl/2026/06/13/17-cm-de-nieve-se-registraron-en-la-cordillera-del-elqui-esta-semana,general_informativo,medium,good,none,informative_or_unknown_but_not_filler
2026-06-13,regiones,reg,Miradiols,Denuncias Ciudadanas,https://www.miradiols.cl/category/denuncias-ciudadanas,politica_pais_cronica,medium,good,none,informative_or_unknown_but_not_filler
2026-06-13,regiones,reg,Elmartutino,Irán enfría expectativas y posterga firma de acuerdo con Estados Unidos en medio de tensas negociaciones,https://www.elmartutino.cl/noticia/politica/iran-enfria-expectativas-y-posterga-firma-de-acuerdo-con-estados-unidos-en-medio-de,politica_pais_cronica,medium,good,none,informative_or_unknown_but_not_filler
2026-06-13,regiones,reg,Elmartutino,Regiones Más Fuertes: autoridades regionales presentarán agenda de autonomía al Presidente Kast,https://www.elmartutino.cl/noticia/politica/regiones-mas-fuertes-autoridades-regionales-presentaran-agenda-de-autonomia-al-pres,politica_pais_cronica,medium,good,none,informative_or_unknown_but_not_filler
2026-06-13,regiones,reg,Elmartutino,Influenza A desplaza al Rinovirus y crecen las consultas respiratorias en la red asistencial chilena,https://www.elmartutino.cl/noticia/adultos-mayores/influenza-desplaza-al-rinovirus-y-crecen-las-consultas-respiratorias-en-la-r,politica_pais_cronica,medium,good,none,informative_or_unknown_but_not_filler
2026-06-13,regiones,reg,Elmartutino,"Columna:""Modernizar la Alta Dirección Pública también implica hacer atractivo el servicio público""",https://www.elmartutino.cl/noticia/alta-direccion-publica/columnamodernizar-la-alta-direccion-publica-tambien-implica-hacer-atr,politica_pais_cronica,medium,good,none,informative_or_unknown_but_not_filler
2026-06-13,regiones,reg,Lavozdemaipu,Quiroz vs. Boric: la pelea por el CAE que incomoda a la oposición,https://lavozdemaipu.cl/quiroz-boric-cae,politica_pais_cronica,medium,good,none,informative_or_unknown_but_not_filler
2026-06-13,regiones,reg,Lavozdemaipu,Instituto Nacional suspende clases presenciales tras revelarse que las amenazas de violencia fueron reiteradas,https://lavozdemaipu.cl/instituto-nacional-amenazas-clases-online,politica_pais_cronica,medium,good,none,informative_or_unknown_but_not_filler
2026-06-13,regiones,reg,Observador,Vecinos de zonas rurales de Quillota: “Hemos perdido trabajos porque la micro no pasa”,https://www.observador.cl/vecinos-de-zonas-rurales-de-quillota-hemos-perdido-trabajos-porque-la-micro-no-pasa,salud,medium,good,none,informative_or_unknown_but_not_filler
2026-06-13,regiones,reg,Atentos,Reponen medalla coleccionable de Gabriel Boric tras agotarse en horas,https://www.atentos.cl/reponen-medalla-coleccionable-de-gabriel-boric-tras-agotarse-en-horas,politica_pais_cronica,medium,good,none,informative_or_unknown_but_not_filler
2026-06-13,regiones,reg,Atentos,Chile envía 6 toneladas de ayuda humanitaria a Bolivia por crisis de abastecimiento,https://www.atentos.cl/chile-envia-6-toneladas-de-ayuda-humanitaria-a-bolivia-por-crisis-de-abastecimiento,politica_pais_cronica,medium,good,none,informative_or_unknown_but_not_filler
2026-06-13,regiones,reg,Atentos,Quiroz rebate a Boric por embargos del CAE: “No le gusta que se paguen las deudas”,https://www.atentos.cl/quiroz-rebate-a-boric-por-embargos-del-cae-no-le-gusta-que-se-paguen-las-deudas,politica_pais_cronica,medium,good,none,informative_or_unknown_but_not_filler
2026-06-13,regiones,reg,Atentos,Tohá responde a Quiroz por críticas al gobierno de Boric: “No tiene fundamento”,https://www.atentos.cl/toha-responde-a-quiroz-por-criticas-al-gobierno-de-boric-no-tiene-fundamento,politica_pais_cronica,medium,good,none,informative_or_unknown_but_not_filler
2026-06-13,regiones,reg,Atentos,Exministro Velasco critica impacto laboral de medidas del gobierno de Boric,https://www.atentos.cl/exministro-velasco-critica-impacto-laboral-de-medidas-del-gobierno-de-boric,politica_pais_cronica,medium,good,none,informative_or_unknown_but_not_filler
2026-06-13,regiones,reg,Diarioelcentro,Joven talquina y su novio australiano recorren Asia en bicicleta y ya suman 3.000 km,https://www.diarioelcentro.cl/2026/06/13/pareja-chileno-australiana-recorre-asia-en-bicicleta-y-ya-suma-3-000-km,internacional,medium,good,none,informative_or_unknown_but_not_filler
2026-06-13,regiones,reg,Diarioelcentro,"Senadora Beatriz Sánchez por embargos a deudores del CAE: “El gobierno persigue a la gente, pero le perdona a Cugat una deuda de 30 mil millones de pesos”",https://www.diarioelcentro.cl/2026/06/13/senadora-beatriz-sanchez-por-embargos-a-deudores-del-cae-el-gobierno-persigue-a-la-gente-pero-le-perdona-a-cugat-una-deuda-de-30-mil-millones-de-pesos,educacion,medium,good,none,informative_or_unknown_but_not_filler
2026-06-13,regiones,reg,Diarioelcentro,Voraz incendio destruye histórica ex Escuela Balmaceda en San Javier,https://www.diarioelcentro.cl/2026/06/13/voraz-incendio-destruye-historica-ex-escuela-balmaceda-en-san-javier,educacion,medium,good,none,informative_or_unknown_but_not_filler
2026-06-13,regiones,reg,Elamaule,Irán enfría expectativas y posterga firma de acuerdo con Estados Unidos en medio de tensas negociaciones,https://www.elamaule.cl/noticia/politica/iran-enfria-expectativas-y-posterga-firma-de-acuerdo-con-estados-unidos-en-medio-de,politica_pais_cronica,medium,good,none,informative_or_unknown_but_not_filler
2026-06-13,regiones,reg,Elamaule,Regiones Más Fuertes: autoridades regionales presentarán agenda de autonomía al Presidente Kast,https://www.elamaule.cl/noticia/politica/regiones-mas-fuertes-autoridades-regionales-presentaran-agenda-de-autonomia-al-pres,politica_pais_cronica,medium,good,none,informative_or_unknown_but_not_filler
2026-06-13,regiones,reg,Elamaule,Influenza A desplaza al Rinovirus y crecen las consultas respiratorias en la red asistencial chilena,https://www.elamaule.cl/noticia/adultos-mayores/influenza-desplaza-al-rinovirus-y-crecen-las-consultas-respiratorias-en-la-r,politica_pais_cronica,medium,good,none,informative_or_unknown_but_not_filler
2026-06-13,regiones,reg,Elamaule,"Columna:""Modernizar la Alta Dirección Pública también implica hacer atractivo el servicio público""",https://www.elamaule.cl/noticia/alta-direccion-publica/columnamodernizar-la-alta-direccion-publica-tambien-implica-hacer-atr,politica_pais_cronica,medium,good,none,informative_or_unknown_but_not_filler
2026-06-13,regiones,reg,Elrancaguino,Coro de Profesores de Rancagua cumple 76 años cantando la historia y el alma de una ciudad - El Rancagüino,https://www.elrancaguino.cl/2026/06/13/coro-de-profesores-de-rancagua-cumple-76-anos-cantando-la-historia-y-el-alma-de-una-ciudad,educacion,medium,good,none,informative_or_unknown_but_not_filler
2026-06-13,regiones,reg,Elrancaguino,Influenza lidera circulación viral en el país. - El Rancagüino,https://www.elrancaguino.cl/2026/06/13/influenza-lidera-circulacion-viral-en-el-pais,politica_pais_cronica,medium,good,none,informative_or_unknown_but_not_filler
2026-06-13,regiones,reg,Elrancahuaso,Irán enfría expectativas y posterga firma de acuerdo con Estados Unidos en medio de tensas negociaciones,https://www.elrancahuaso.cl/noticia/politica/iran-enfria-expectativas-y-posterga-firma-de-acuerdo-con-estados-unidos-en-medio-de,politica_pais_cronica,medium,good,none,informative_or_unknown_but_not_filler
2026-06-13,regiones,reg,Elrancahuaso,Regiones Más Fuertes: autoridades regionales presentarán agenda de autonomía al Presidente Kast,https://www.elrancahuaso.cl/noticia/politica/regiones-mas-fuertes-autoridades-regionales-presentaran-agenda-de-autonomia-al-pres,politica_pais_cronica,medium,good,none,informative_or_unknown_but_not_filler
2026-06-13,regiones,reg,Elrancahuaso,Influenza A desplaza al Rinovirus y crecen las consultas respiratorias en la red asistencial chilena,https://www.elrancahuaso.cl/noticia/adultos-mayores/influenza-desplaza-al-rinovirus-y-crecen-las-consultas-respiratorias-en-la-r,politica_pais_cronica,medium,good,none,informative_or_unknown_but_not_filler
2026-06-13,regiones,reg,Elrancahuaso,"Columna:""Modernizar la Alta Dirección Pública también implica hacer atractivo el servicio público""",https://www.elrancahuaso.cl/noticia/alta-direccion-publica/columnamodernizar-la-alta-direccion-publica-tambien-implica-hacer-atr,politica_pais_cronica,medium,good,none,informative_or_unknown_but_not_filler
2026-06-13,regiones,reg,Eltipografo,Educación municipal de Pichilemu celebra avance clave con Certificación Ambiental Nivel Medio,https://eltipografo.cl/2026/06/educacion-municipal-de-pichilemu-celebra-avance-clave-con-certificacion-ambiental-nivel-medio,educacion,medium,good,none,informative_or_unknown_but_not_filler
2026-06-13,regiones,reg,Eltipografo,Jetour invita a vivir una experiencia automotriz este fin de semana en Machalí,https://eltipografo.cl/2026/06/jetour-invita-a-vivir-una-experiencia-automotriz-este-fin-de-semana-en-machali,general_informativo,medium,good,none,informative_or_unknown_but_not_filler
2026-06-13,regiones,reg,Eltipografo,Funk rancagüino en alza: Groovin estrena sencillo tras encender el Teatro Regional,https://eltipografo.cl/2026/06/funk-rancaguino-en-alza-groovin-estrena-sencillo-tras-encender-el-teatro-regional,cultura,medium,good,none,informative_or_unknown_but_not_filler
2026-06-13,regiones,reg,Eltipografo,Varela y la Masonería,https://eltipografo.cl/2026/06/varela-y-la-masoneria,educacion,medium,good,none,informative_or_unknown_but_not_filler
2026-06-13,regiones,reg,Eltipografo,Contraloría revela contratación de censistas con expulsión administrativa pendiente y antecedentes penales en Censo 2024,https://eltipografo.cl/2026/06/contraloria-revela-contratacion-de-censistas-con-expulsion-administrativa-pendiente-y-antecedentes-penales-en-censo-2024,politica_pais_cronica,medium,good,none,informative_or_unknown_but_not_filler
2026-06-13,regiones,reg,Elurbanorural,Caso Cugat suma frente en Rancagua: municipio mantiene demanda contra la cadena por millonaria deuda de patentes impagas,https://elurbanorural.cl/caso-cugat-suma-frente-en-rancagua-municipio-mantiene-demanda-contra-la-cadena-por-millonaria-deuda-de-patentes-impagas,politica_pais_cronica,medium,good,none,informative_or_unknown_but_not_filler
2026-06-13,regiones,reg,Elurbanorural,Subsecretario Montt lidera encuentro nacional enfocado en mejorar gestión de recursos y optimizar red asistencial,https://elurbanorural.cl/subsecretario-montt-lidera-encuentro-nacional-enfocado-en-mejorar-gestion-de-recursos-y-optimizar-red-asistencial,politica_pais_cronica,medium,good,none,informative_or_unknown_but_not_filler
2026-06-13,regiones,reg,Elurbanorural,Párvulos ganadores de concurso que los llevará a la NASA también disfrutarán de Disney y Legoland en Estados Unidos,https://elurbanorural.cl/parvulos-ganadores-de-concurso-que-los-llevara-a-la-nasa-tambien-disfrutaran-de-disney-y-legoland-en-estados-unidos,educacion,medium,good,none,informative_or_unknown_but_not_filler
2026-06-13,regiones,reg,Elurbanorural,¿Sabía que la urgencia no atiende por orden de llegada?,https://elurbanorural.cl/sabia-que-la-urgencia-no-atiende-por-orden-de-llegada,salud,medium,good,none,informative_or_unknown_but_not_filler
2026-06-13,regiones,reg,Vlnradio,"Jordi Castell: ""Van a tener que sacar al subsecretario que se enamoró de un vedetto y dejó a la señora por el pololo""",https://www.vlnradio.cl/noticias/tendencias/espectaculos-y-tv/2026/06/13/jordi-castell-van-a-tener-que-sacar-al-subsecretario-que-se-enamoro-de-un-vedetto-y-dejo-a-la-senora-por-el-pololo,politica_pais_cronica,medium,good,none,informative_or_unknown_but_not_filler
2026-06-13,regiones,reg,Vlnradio,Exdirectora de Inteligencia de EE.UU. acusa a Biden de financiar y ocultar laboratorios biológicos en Ucrania,https://www.vlnradio.cl/noticias/internacional/2026/06/13/exdirectora-de-inteligencia-de-ee-uu-acusa-a-biden-de-financiar-y-ocultar-laboratorios-biologicos-en-ucrania,internacional,medium,good,none,informative_or_unknown_but_not_filler
2026-06-13,regiones,reg,Vlnradio,Perú cierra escrutinio al 100% a la espera de resolución de 1.550 observaciones,https://www.vlnradio.cl/noticias/internacional/2026/06/13/peru-cierra-escrutinio-al-100-a-la-espera-de-resolucion-de-1-550-observaciones,internacional,medium,good,none,informative_or_unknown_but_not_filler
2026-06-13,regiones,reg,Vlnradio,Devastador incendio consume histórico edificio municipal en San Javier,https://www.vlnradio.cl/noticias/nacional/region-del-maule/2026/06/13/devastador-incendio-consume-historico-edificio-municipal-en-san-javier,politica_pais_cronica,medium,good,none,informative_or_unknown_but_not_filler
2026-06-13,regiones,reg,Vlnradio,Venezuela confirma la muerte del líder del Tren de Aragua tras operativo conjunto con EE.UU.,https://www.vlnradio.cl/noticias/internacional/2026/06/13/venezuela-confirma-la-muerte-del-lider-del-tren-de-aragua-tras-operativo-conjunto-con-ee-uu,internacional,medium,good,none,informative_or_unknown_but_not_filler
2026-06-13,regiones,reg,Vlnradio,Trump asegura que operativo militar de EE.UU. dio muerte al líder del Tren de Aragua,https://www.vlnradio.cl/noticias/internacional/2026/06/12/trump-asegura-que-operativo-militar-de-ee-uu-dio-muerte-al-lider-del-tren-de-aragua,internacional,medium,good,none,informative_or_unknown_but_not_filler
2026-06-13,regiones,reg,Vlnradio,Jordi Castell,https://www.vlnradio.cl/temas/jordi-castell,politica_pais_cronica,medium,good,none,informative_or_unknown_but_not_filler
2026-06-13,regiones,reg,Diarioconcepcion,Ciencia y Sociedad,https://www.diarioconcepcion.cl/ciencia-y-sociedad,cultura,medium,good,none,informative_or_unknown_but_not_filler
2026-06-13,regiones,reg,Diarioconcepcion,"Escenario epidemiolÃ³gico en BiobÃo: circulaciÃ³n de virus sube 1,9% y bajan las hospitalizaciones anuales",https://www.diarioconcepcion.cl/ciudad/2026/06/13/escenario-epidemiologico-en-biobio-circulacion-de-virus-sube-19-y-bajan-las-hospitalizaciones-anuales.html,salud,medium,good,none,informative_or_unknown_but_not_filler
2026-06-13,regiones,reg,Diarioconcepcion,“Sitio Eriazo Cero”: anuncian recuperaciÃ³n de terreno en ConcepciÃ³n para construir polideportivo y proyecto habitacional,https://www.diarioconcepcion.cl/ciudad/2026/06/13/sitio-eriazo-cero-anuncian-recuperacion-de-terreno-en-concepcion-para-construir-polideportivo-y-proyecto-habitacional.html,politica_pais_cronica,medium,good,none,informative_or_unknown_but_not_filler
2026-06-13,regiones,reg,Diarioconcepcion,"Francisco Undurraga: âYo tampoco como ministro hubiese deseado generar ajustes, pero estÃ¡n en una lÃnea coherenteâ",https://www.diarioconcepcion.cl/cultura/2026/06/13/francisco-undurraga-yo-tampoco-como-ministro-hubiese-deseado-generar-ajustes-pero-estan-en-una-linea-coherente.html,politica_pais_cronica,medium,good,none,informative_or_unknown_but_not_filler
2026-06-13,regiones,reg,Diarioconcepcion,Cinta documental “Una sombra oscilante” tendrÃ¡ exhibiciones en Alianza Francesa,https://www.diarioconcepcion.cl/cultura/2026/06/13/cinta-documental-una-sombra-oscilante-tendra-exhibiciones-en-alianza-francesa.html,internacional,medium,good,none,informative_or_unknown_but_not_filler
2026-06-13,regiones,reg,Elconcecuente,Irán enfría expectativas y posterga firma de acuerdo con Estados Unidos en medio de tensas negociaciones,https://www.elconcecuente.cl/noticia/politica/iran-enfria-expectativas-y-posterga-firma-de-acuerdo-con-estados-unidos-en-medio-de,politica_pais_cronica,medium,good,none,informative_or_unknown_but_not_filler
2026-06-13,regiones,reg,Elconcecuente,Regiones Más Fuertes: autoridades regionales presentarán agenda de autonomía al Presidente Kast,https://www.elconcecuente.cl/noticia/politica/regiones-mas-fuertes-autoridades-regionales-presentaran-agenda-de-autonomia-al-pres,politica_pais_cronica,medium,good,none,informative_or_unknown_but_not_filler
2026-06-13,regiones,reg,Elconcecuente,Influenza A desplaza al Rinovirus y crecen las consultas respiratorias en la red asistencial chilena,https://www.elconcecuente.cl/noticia/adultos-mayores/influenza-desplaza-al-rinovirus-y-crecen-las-consultas-respiratorias-en-la-r,politica_pais_cronica,medium,good,none,informative_or_unknown_but_not_filler
2026-06-13,regiones,reg,Elconcecuente,"Columna:""Modernizar la Alta Dirección Pública también implica hacer atractivo el servicio público""",https://www.elconcecuente.cl/noticia/alta-direccion-publica/columnamodernizar-la-alta-direccion-publica-tambien-implica-hacer-atr,politica_pais_cronica,medium,good,none,informative_or_unknown_but_not_filler
2026-06-13,regiones,reg,Ladiscusion,Entre la instalación del gobierno y la carrera municipal: la hoja de ruta de RN en Ñuble,https://ladiscusion.cl/entre-la-instalacion-del-gobierno-y-la-carrera-municipal-la-hoja-de-ruta-de-rn-en-nuble,politica_pais_cronica,medium,good,none,informative_or_unknown_but_not_filler
2026-06-13,regiones,reg,Ladiscusion,376 familias de Pinto y Bulnes reciben subsidios habitacionales por más de $24 mil millones,https://ladiscusion.cl/376-familias-de-pinto-y-bulnes-reciben-subsidios-habitacionales-por-mas-de-24-mil-millones,politica_pais_cronica,medium,good,none,informative_or_unknown_but_not_filler
2026-06-13,regiones,reg,Ladiscusion,Pakistán anuncia “texto definitivo” del acuerdo Irán-EE.UU.,https://ladiscusion.cl/pakistan-anuncia-texto-definitivo-del-acuerdo-iran-ee-uu,internacional,medium,good,none,informative_or_unknown_but_not_filler
2026-06-13,regiones,reg,Ladiscusion,Alcaldes presionan al Gobierno por impacto de exención de contribuciones,https://ladiscusion.cl/alcaldes-presionan-al-gobierno-por-impacto-de-exencion-de-contribuciones,politica_pais_cronica,medium,good,none,informative_or_unknown_but_not_filler
2026-06-13,regiones,reg,Ladiscusion,“Ñuble tiene la oportunidad de ser protagonista de la construcción en madera”,https://ladiscusion.cl/nuble-tiene-la-oportunidad-de-ser-protagonista-de-la-construccion-en-madera,politica_pais_cronica,medium,good,none,informative_or_unknown_but_not_filler
2026-06-13,regiones,reg,Ladiscusion,"La palmera, la plaza y la catedral",https://ladiscusion.cl/la-palmera-la-plaza-y-la-catedral,cultura,medium,good,none,informative_or_unknown_but_not_filler
2026-06-13,regiones,reg,Resumen,Alarmante consulta del SAG reactiva a defensores de la semilla,https://resumen.cl/articulos/consulta-del-sag-reactiva-a-defensores-de-la-semilla,politica_pais_cronica,medium,good,none,informative_or_unknown_but_not_filler
2026-06-13,regiones,reg,Resumen,13 jun 26 Artistas del Acero debe ser estatizado y puesto a disposición de la comunidad Artistas del Acero Corporación Artistas del Acero Huachipato política cultural,https://resumen.cl/articulos/artistas-del-acero-debe-ser-estatizado-y-puesto-a-disposicion-de-la-comunidad,cultura,medium,good,none,informative_or_unknown_but_not_filler
2026-06-13,regiones,reg,Resumen,"La “conexión cubana” con la derecha chilena: Donna, nuestra agente en La Habana",https://resumen.cl/articulos/la-conexion-cubana-con-la-derecha-chilena-donna-nuestra-agente-en-la-habana,politica_pais_cronica,medium,good,none,informative_or_unknown_but_not_filler
2026-06-13,regiones,reg,Sabes,Gore Biobío espera aprobar durante junio dineros para el REC 2027,https://sabes.cl/2026/06/13/gore-biobio-espera-aprobar-durante-junio-dineros-para-el-rec-2027,politica_pais_cronica,medium,good,none,informative_or_unknown_but_not_filler
2026-06-13,regiones,reg,Sabes,Incendio destruye histórica escuela inaugurada por Balmaceda: Municipio lamenta pérdida patrimonial,https://sabes.cl/2026/06/13/incendio-destruye-historica-escuela-inaugurada-por-balmaceda-municipio-lamenta-perdida-patrimonial,politica_pais_cronica,medium,good,none,informative_or_unknown_but_not_filler
2026-06-13,regiones,reg,Sabes,"Plan ""Sitio Eriazo Cero"" en Concepción: Ministro Poduje entrega terreno en Barrio Norte para construir moderno polideportivo",https://sabes.cl/2026/06/13/plan-sitio-eriazo-cero-en-concepcion-ministro-poduje-entrega-terreno-en-barrio-norte-para-construir-moderno-polideportivo,politica_pais_cronica,medium,good,none,informative_or_unknown_but_not_filler
2026-06-13,regiones,reg,Diarioregionalaysen,Seremi de Culturas Aysén abre becas para diplomado en la U. Los Lagos - Diario Regional Aysén,https://www.diarioregionalaysen.cl/noticia/educacion/2026/06/seremi-de-culturas-aysen-abre-becas-para-diplomado-en-la-u-los-lagos,cultura,medium,good,none,informative_or_unknown_but_not_filler
2026-06-13,regiones,reg,Diarioregionalaysen,Pequeño coyhaiquino con enfermedad sanguínea busca acceder a tratamiento que podría cambiar su vida - Diario Regional Aysén,https://www.diarioregionalaysen.cl/noticia/actualidad/2026/06/pequeno-coyhaiquino-con-enfermedad-sanguinea-busca-acceder-a-tratamiento-que-podria-cambiar-su-vida,salud,medium,good,none,informative_or_unknown_but_not_filler
2026-06-13,regiones,reg,Diarioregionalaysen,Aysén participó en el VIII Encuentro de Comunidades Portal - Diario Regional Aysén,https://www.diarioregionalaysen.cl/noticia/actualidad/2026/06/aysen-participo-en-el-viii-encuentro-de-comunidades-portal,politica_pais_cronica,medium,good,none,informative_or_unknown_but_not_filler
2026-06-13,regiones,reg,Diarioregionalaysen,Hospital Regional de Coyhaique dio a conocer su Cuenta Pública Participativa - Diario Regional Aysén,https://www.diarioregionalaysen.cl/noticia/salud/2026/06/hospital-regional-de-coyhaique-dio-a-conocer-su-cuenta-publica-participativa,politica_pais_cronica,medium,good,none,informative_or_unknown_but_not_filler
2026-06-13,regiones,reg,Diarioregionalaysen,Cuando enseñar era un desafío: el legado de la primera profesora de Caleta Tortel - Diario Regional Aysén,https://www.diarioregionalaysen.cl/noticia/historias-diariosur/2026/06/cuando-ensenar-era-un-desafio-el-legado-de-la-primera-profesora-de-caleta-tortel,politica_pais_cronica,medium,good,none,informative_or_unknown_but_not_filler
2026-06-13,regiones,reg,Elmagallanews,Irán enfría expectativas y posterga firma de acuerdo con Estados Unidos en medio de tensas negociaciones,https://www.elmagallanews.cl/noticia/politica/iran-enfria-expectativas-y-posterga-firma-de-acuerdo-con-estados-unidos-en-medio-de,politica_pais_cronica,medium,good,none,informative_or_unknown_but_not_filler
2026-06-13,regiones,reg,Elmagallanews,Regiones Más Fuertes: autoridades regionales presentarán agenda de autonomía al Presidente Kast,https://www.elmagallanews.cl/noticia/politica/regiones-mas-fuertes-autoridades-regionales-presentaran-agenda-de-autonomia-al-pres,politica_pais_cronica,medium,good,none,informative_or_unknown_but_not_filler
2026-06-13,regiones,reg,Elmagallanews,Influenza A desplaza al Rinovirus y crecen las consultas respiratorias en la red asistencial chilena,https://www.elmagallanews.cl/noticia/adultos-mayores/influenza-desplaza-al-rinovirus-y-crecen-las-consultas-respiratorias-en-la-r,politica_pais_cronica,medium,good,none,informative_or_unknown_but_not_filler
2026-06-13,regiones,reg,Elmagallanews,"Columna:""Modernizar la Alta Dirección Pública también implica hacer atractivo el servicio público""",https://www.elmagallanews.cl/noticia/alta-direccion-publica/columnamodernizar-la-alta-direccion-publica-tambien-implica-hacer-atr,politica_pais_cronica,medium,good,none,informative_or_unknown_but_not_filler
2026-06-13,regiones,reg,Itvpatagonia,Medio Ambiente,https://www.itvpatagonia.com/categoria/medio-ambiente,politica_pais_cronica,medium,good,none,informative_or_unknown_but_not_filler
2026-06-13,regiones,reg,Laprensaaustral,Fuego cobra la vida de pensionada de 88 años: ardió su casa en la población Río de la Mano,https://laprensaaustral.cl/2026/06/13/fuego-cobra-la-vida-de-pensionada-de-88-anos-ardio-su-casa-en-la-poblacion-rio-de-la-mano,salud,medium,good,none,informative_or_unknown_but_not_filler
2026-06-13,regiones,reg,Laprensaaustral,Sence y Omil preparan a alumnos del Instituto Don Bosco para su futura inserción laboral,https://laprensaaustral.cl/2026/06/13/sence-y-omil-preparan-a-alumnos-del-instituto-don-bosco-para-su-futura-insercion-laboral,educacion,medium,good,none,informative_or_unknown_but_not_filler
2026-06-13,regiones,reg,Laprensaaustral,Ciudadano chino agredió e intentó asfixiar a su pareja en Puerto Natales,https://laprensaaustral.cl/2026/06/13/ciudadano-chino-agredio-e-intento-asfixiar-a-su-pareja-en-puerto-natales,salud,medium,good,none,informative_or_unknown_but_not_filler
2026-06-13,regiones,reg,Laprensaaustral,Sernac emite alerta de seguridad por cuatro modelos de estufas de reconocida marca,https://laprensaaustral.cl/2026/06/13/sernac-emite-alerta-de-seguridad-por-cuatro-modelos-de-estufas-de-reconocida-marca,politica_pais_cronica,medium,good,none,informative_or_unknown_but_not_filler
2026-06-13,regiones,reg,Radiopolar,13 DE JUNIO DE 1940: CHILE AMPLIÓ SU NEUTRALIDAD MIENTRAS LA OFENSIVA ALEMANA AVANZABA HACIA PARÍS,https://www.radiopolar.com/13-junio-1940-chile-amplio-neutralidad-ofensiva-alemana-avanzaba-paris,politica_pais_cronica,medium,good,none,informative_or_unknown_but_not_filler
2026-06-13,regiones,reg,Radiopolar,DOCUMENTAL SOBRE GAUCHOS DE LA PATAGONIA DESTACA EN HISTÓRICA PARTICIPACIÓN CHILENA EN SHEFFIELD DOCFEST 2026,https://www.radiopolar.com/documental-gauchos-patagonia-destaca-historica-participacion-chilena-sheffield-docfest-2026,cultura,medium,good,none,informative_or_unknown_but_not_filler
2026-06-13,regiones,reg,Radiopolar,OMIL Y SENCE ENTREGAN HERRAMIENTAS DE EMPLEABILIDAD A ESTUDIANTES DE 4° MEDIO DEL INSTITUTO DON BOSCO,https://www.radiopolar.com/omil-sence-entregan-herramientas-empleabilidad-estudiantes-4-instituto-don-bosco,politica_pais_cronica,medium,good,none,informative_or_unknown_but_not_filler
2026-06-13,regiones,reg,Radiopolar,"INACAP PUNTA ARENAS REFUERZA SU DESPLIEGUE EN MAGALLANES CON OFERTA ACADÉMICA, APOYO ESTUDIANTIL Y VINCULACIÓN TERRITORIAL",https://www.radiopolar.com/inacap-punta-arenas-refuerza-despliegue-magallanes-oferta-academica-apoyo-estudiantil-vinculacion-territorial,politica_pais_cronica,medium,good,none,informative_or_unknown_but_not_filler
2026-06-13,regiones,reg,Radiopolar,CASCADA EXPEDICIONES Y ECOCAMP PATAGONIA CIERRAN TEMPORADA CON MÁS DE 4.700 VIAJEROS Y NUEVAS NOMINACIONES INTERNACIONALES,https://www.radiopolar.com/cascada-expediciones-ecocamp-patagonia-cierran-temporada-4700-viajeros-nominaciones-internacionales,internacional,medium,good,none,informative_or_unknown_but_not_filler
2026-06-13,regiones,reg,Radiopolar,JULIO PERTUZÉ ASUME LA PRESIDENCIA DE FUNDACIÓN CHILE EN EL AÑO DE SU 50° ANIVERSARIO,https://www.radiopolar.com/julio-pertuze-asume-presidencia-fundacion-chile-ano-50-aniversario,politica_pais_cronica,medium,good,none,informative_or_unknown_but_not_filler
2026-06-13,regiones,reg,Radiopolar,CANCILLERÍA Y GREMIOS EXPORTADORES REFUERZAN COORDINACIÓN PARA ENFRENTAR NEGOCIACIÓN ARANCELARIA CON ESTADOS UNIDOS,https://www.radiopolar.com/cancilleria-gremios-exportadores-refuerzan-coordinacion-enfrentar-negociacion-arancelaria-unidos,politica_pais_cronica,medium,good,none,informative_or_unknown_but_not_filler
2026-06-13,regiones,reg,Radiopolar,ASOCIACIÓN DE ASEGURADORES DE CHILE Y PNUD FIRMAN ACUERDO PARA FORTALECER LA RESILIENCIA FINANCIERA EN EL PAÍS,https://www.radiopolar.com/asociacion-aseguradores-chile-pnud-firman-fortalecer-resiliencia-financiera-pais,politica_pais_cronica,medium,good,none,informative_or_unknown_but_not_filler
2026-06-13,regiones,reg,Radiopolar,CABO DE HORNOS PARTICIPÓ EN ENCUENTRO DE COMUNIDADES PORTAL PARA FORTALECER EL TURISMO Y LA CONSERVACIÓN EN LA PATAGONIA,https://www.radiopolar.com/cabo-hornos-participo-encuentro-comunidades-portal-fortalecer-turismo-conservacion-patagonia,politica_pais_cronica,medium,good,none,informative_or_unknown_but_not_filler
